{
 "name": "rect_x0.5",
 "max_depth": 120,
 "tstep": 3,
 "n_glider": 6,
 "n_point": 1620,
 "n_time": 216,
 "div_corr": 0.8761140175000593,
 "fields": {
  "T": {
   "obs_mean": 24.925015655389373,
   "true_mean": 24.843270198152062,
   "obs_std": 1.7274179365663669,
   "true_std": 1.6646841039182214,
   "obs_skew": -1.9270717943440587,
   "true_skew": -1.9057538360427526,
   "ks": 0.05087368184156382,
   "wasserstein": 0.10026204225151236,
   "js": 0.06827207854654381
  },
  "S": {
   "obs_mean": 35.14953159878683,
   "true_mean": 35.15841582438872,
   "obs_std": 0.14726454023049076,
   "true_std": 0.14467875628156668,
   "obs_skew": -0.2891902411414558,
   "true_skew": 0.007946200146136697,
   "ks": 0.03363969800240055,
   "wasserstein": 0.010358171502680261,
   "js": 0.11203559119238682
  },
  "U": {
   "obs_mean": 0.05863787673258761,
   "true_mean": 0.12661879954668898,
   "obs_std": 0.3738039017510172,
   "true_std": 0.3893657593533966,
   "obs_skew": 0.6151998302996137,
   "true_skew": 0.4535308598822152,
   "ks": 0.08032126093106995,
   "wasserstein": 0.0681751240784313,
   "js": 0.09363102416209407
  },
  "V": {
   "obs_mean": -0.01560606975036223,
   "true_mean": -0.016586234626125046,
   "obs_std": 0.23070985586194467,
   "true_std": 0.2370338560925488,
   "obs_skew": -0.09643568744676839,
   "true_skew": -0.08732930185008905,
   "ks": 0.017886030199759956,
   "wasserstein": 0.007396876115060205,
   "js": 0.04905581840902079
  },
  "sigma0": {
   "obs_mean": 23.467351351706284,
   "true_mean": 23.499770611184697,
   "obs_std": 0.5023690719701336,
   "true_std": 0.4948817351821113,
   "obs_skew": 1.5747901501241883,
   "true_skew": 1.5508878241524244,
   "ks": 0.04363111121827851,
   "wasserstein": 0.03297011763702646,
   "js": 0.0809078109391239
  },
  "divergence": {
   "obs_mean": 8.104017577616345e-08,
   "true_mean": 8.049075006510975e-08,
   "obs_std": 8.534508843151781e-07,
   "true_std": 8.641180215818167e-07,
   "obs_skew": 0.23392317126920179,
   "true_skew": 0.5224014520645142,
   "ks": 0.03047839506172839,
   "wasserstein": 3.557433506838271e-08,
   "js": 0.09053241774099342
  }
 }
}