{
 "name": "rect_x0.25",
 "max_depth": 120,
 "tstep": 3,
 "n_glider": 6,
 "n_point": 540,
 "n_time": 216,
 "div_corr": 0.9364656884232064,
 "fields": {
  "T": {
   "obs_mean": 24.790199177495488,
   "true_mean": 24.75724831570867,
   "obs_std": 1.6395560313704804,
   "true_std": 1.6275924683408378,
   "obs_skew": -1.8942043799474895,
   "true_skew": -1.8845382187286164,
   "ks": 0.02710637431412899,
   "wasserstein": 0.03605624303916519,
   "js": 0.053027411380520556
  },
  "S": {
   "obs_mean": 35.164065774116736,
   "true_mean": 35.168172397582076,
   "obs_std": 0.13959028138210533,
   "true_std": 0.13109084469809204,
   "obs_skew": 0.17529397634645233,
   "true_skew": 0.16519060195760635,
   "ks": 0.031323945473251014,
   "wasserstein": 0.008571577470798513,
   "js": 0.06952003788042686
  },
  "U": {
   "obs_mean": 0.17010137491174437,
   "true_mean": 0.1995755378141425,
   "obs_std": 0.4044562185187918,
   "true_std": 0.42110734590132365,
   "obs_skew": 0.4102197471057107,
   "true_skew": 0.4134406398964763,
   "ks": 0.03208992412551448,
   "wasserstein": 0.029474162902398106,
   "js": 0.04520311551491449
  },
  "V": {
   "obs_mean": -0.018328042660298187,
   "true_mean": -0.018977915713081748,
   "obs_std": 0.2411011949882758,
   "true_std": 0.24363335382938162,
   "obs_skew": -0.05763098277727619,
   "true_skew": -0.017197884895372634,
   "ks": 0.009915659293552814,
   "wasserstein": 0.00392908767769825,
   "js": 0.0406502310649504
  },
  "sigma0": {
   "obs_mean": 23.52047894697522,
   "true_mean": 23.533725369741468,
   "obs_std": 0.49300452313068915,
   "true_std": 0.4910227679174943,
   "obs_skew": 1.5517403171836737,
   "true_skew": 1.5643416172503235,
   "ks": 0.033678144290123446,
   "wasserstein": 0.0133457689684541,
   "js": 0.046451257859486235
  },
  "divergence": {
   "obs_mean": 7.18108627046947e-08,
   "true_mean": 9.963128633216911e-08,
   "obs_std": 1.2417542550026378e-06,
   "true_std": 1.2906091342301806e-06,
   "obs_skew": 0.2504705965103565,
   "true_skew": 0.5012435913085938,
   "ks": 0.013425925925925952,
   "wasserstein": 3.9535906626614626e-08,
   "js": 0.07832432295362256
  }
 },
 "flux": {
  "wT": {
   "array_dmean": 2.5403221170374835e-06,
   "areamean_dmean": 2.0950653751775748e-07,
   "total_dmean": 1.2303456106792268e-06,
   "r_array_areamean": -0.39992107944945493
  },
  "wS": {
   "array_dmean": -1.9626687203266202e-07,
   "areamean_dmean": -5.866684905134434e-07,
   "total_dmean": -5.390020348294578e-07,
   "r_array_areamean": 0.8990859060299888
  },
  "wU": {
   "array_dmean": 4.1040578622228494e-07,
   "areamean_dmean": -1.987600069025988e-07,
   "total_dmean": -3.780918185748543e-07,
   "r_array_areamean": 0.645197561412882
  },
  "wV": {
   "array_dmean": -8.575308715777949e-07,
   "areamean_dmean": -1.4691437172098201e-06,
   "total_dmean": -1.7756843274665788e-06,
   "r_array_areamean": 0.9376656617239629
  }
 }
}