{
 "name": "wide_hex_d0.25",
 "max_depth": 120,
 "tstep": 3,
 "n_glider": 6,
 "n_point": 216,
 "n_time": 216,
 "div_corr": 0.9934004243571244,
 "fields": {
  "T": {
   "obs_mean": 24.709744473316334,
   "true_mean": 24.704069700604027,
   "obs_std": 1.6391273374089885,
   "true_std": 1.6437567274316927,
   "obs_skew": -1.8636985337725043,
   "true_skew": -1.8648352080239194,
   "ks": 0.0034786522633745154,
   "wasserstein": 0.00604749298815619,
   "js": 0.011459795751261053
  },
  "S": {
   "obs_mean": 35.16899771840158,
   "true_mean": 35.16883501021476,
   "obs_std": 0.1174508500726004,
   "true_std": 0.11684654873180954,
   "obs_skew": 0.029351527649365113,
   "true_skew": 0.021768677458695138,
   "ks": 0.006777263374485587,
   "wasserstein": 0.0010897121966156043,
   "js": 0.04202973030467477
  },
  "U": {
   "obs_mean": 0.22849754155133592,
   "true_mean": 0.23065257520970847,
   "obs_std": 0.440059838877748,
   "true_std": 0.4412569777835859,
   "obs_skew": 0.43888761726458897,
   "true_skew": 0.441398708404169,
   "ks": 0.0038837448559670973,
   "wasserstein": 0.0023209788823154933,
   "js": 0.01464350210935388
  },
  "V": {
   "obs_mean": -0.02027244978605727,
   "true_mean": -0.020312212967329088,
   "obs_std": 0.24524098594915308,
   "true_std": 0.24533294415390064,
   "obs_skew": 0.039936751551980634,
   "true_skew": 0.037938579826797485,
   "ks": 0.006634194958847761,
   "wasserstein": 0.0020478029373116238,
   "js": 0.0402095321500249
  },
  "sigma0": {
   "obs_mean": 23.548571325991503,
   "true_mean": 23.550101662259774,
   "obs_std": 0.4928041020559426,
   "true_std": 0.4937082447232321,
   "obs_skew": 1.5832696148149643,
   "true_skew": 1.5858697317915702,
   "ks": 0.009960133744855965,
   "wasserstein": 0.002060289690029068,
   "js": 0.02664683114998672
  },
  "divergence": {
   "obs_mean": 8.570339336708614e-08,
   "true_mean": 7.994944439815299e-08,
   "obs_std": 2.241367285763007e-06,
   "true_std": 2.299128482263768e-06,
   "obs_skew": -0.35541791487766516,
   "true_skew": -0.31571266055107117,
   "ks": 0.009259259259259273,
   "wasserstein": 4.0864278845942125e-08,
   "js": 0.04675876655813495
  }
 }
}