{
 "name": "wide_hex_d1.0",
 "max_depth": 70,
 "tstep": 3,
 "n_glider": 6,
 "n_point": 1404,
 "n_time": 216,
 "div_corr": 0.9763233486800025,
 "fields": {
  "T": {
   "obs_mean": 25.65943624440813,
   "true_mean": 25.631019925139753,
   "obs_std": 0.47413829506682187,
   "true_std": 0.45291173438256177,
   "obs_skew": -0.253054234873665,
   "true_skew": -0.5257417858644179,
   "ks": 0.05007642969199133,
   "wasserstein": 0.03143841680065204,
   "js": 0.09103774704966339
  },
  "S": {
   "obs_mean": 35.13628335245888,
   "true_mean": 35.13779935741817,
   "obs_std": 0.11879602173191756,
   "true_std": 0.1155169612110766,
   "obs_skew": -0.10991309158168262,
   "true_skew": -0.11593275834214478,
   "ks": 0.03479920001559045,
   "wasserstein": 0.00537209264684232,
   "js": 0.12817629925479707
  },
  "U": {
   "obs_mean": -0.07789283564914477,
   "true_mean": -0.06510919142505,
   "obs_std": 0.24122139072703502,
   "true_std": 0.24198582929582638,
   "obs_skew": -0.024804649143766955,
   "true_skew": 0.048546364809340534,
   "ks": 0.02611179319282453,
   "wasserstein": 0.01280809581982886,
   "js": 0.03445174633967708
  },
  "V": {
   "obs_mean": -0.017103915927993197,
   "true_mean": -0.016013034921958835,
   "obs_std": 0.2754670566520391,
   "true_std": 0.280539231000587,
   "obs_skew": 0.02332945423033875,
   "true_skew": 0.023700141393405375,
   "ks": 0.020990821128942683,
   "wasserstein": 0.007989836331808371,
   "js": 0.06500099344523662
  },
  "sigma0": {
   "obs_mean": 23.242877468450626,
   "true_mean": 23.252894660743756,
   "obs_std": 0.16480387343056124,
   "true_std": 0.15648045580819084,
   "obs_skew": -0.5133159925624906,
   "true_skew": -0.2733321665538896,
   "ks": 0.04421448546678747,
   "wasserstein": 0.011188691576428583,
   "js": 0.08607540734327981
  },
  "divergence": {
   "obs_mean": 1.7705289990784467e-07,
   "true_mean": 1.7114567185672058e-07,
   "obs_std": 9.516222631953675e-07,
   "true_std": 1.0009043762693182e-06,
   "obs_skew": -0.08391451982183541,
   "true_skew": -0.08874615281820297,
   "ks": 0.02619047619047619,
   "wasserstein": 4.642707945600488e-08,
   "js": 0.12141331851358117
  }
 }
}