{
 "name": "wide_hex_d1.0",
 "max_depth": 120,
 "tstep": 3,
 "n_glider": 6,
 "n_point": 1404,
 "n_time": 216,
 "div_corr": 0.9751662356388285,
 "fields": {
  "T": {
   "obs_mean": 24.78684373160364,
   "true_mean": 24.742927509323973,
   "obs_std": 1.6266095087700312,
   "true_std": 1.6288597091569874,
   "obs_skew": -1.8756972181885871,
   "true_skew": -1.8697365025632822,
   "ks": 0.030788138314803426,
   "wasserstein": 0.044024322792297635,
   "js": 0.0540282376720564
  },
  "S": {
   "obs_mean": 35.16810147675144,
   "true_mean": 35.16929187360981,
   "obs_std": 0.13710566897828486,
   "true_std": 0.12596268617404424,
   "obs_skew": 0.16664639184468982,
   "true_skew": 0.1390691113938303,
   "ks": 0.04028651694973062,
   "wasserstein": 0.009772127955125536,
   "js": 0.1087721784764183
  },
  "U": {
   "obs_mean": 0.18163896775625976,
   "true_mean": 0.21123539885786635,
   "obs_std": 0.4108933161040613,
   "true_std": 0.4293227629962019,
   "obs_skew": 0.406117251670634,
   "true_skew": 0.4261046045591695,
   "ks": 0.033664782415933514,
   "wasserstein": 0.02959669464630974,
   "js": 0.04750670304458728
  },
  "V": {
   "obs_mean": -0.018419655462933726,
   "true_mean": -0.019493001431877793,
   "obs_std": 0.24207933591698377,
   "true_std": 0.2441537432800083,
   "obs_skew": 0.011600186509917875,
   "true_skew": 0.028571791328412602,
   "ks": 0.010303838983243524,
   "wasserstein": 0.003917975139882347,
   "js": 0.041264508911000856
  },
  "sigma0": {
   "obs_mean": 23.52472125449828,
   "true_mean": 23.538892486550022,
   "obs_std": 0.490428557580951,
   "true_std": 0.4912929129597786,
   "obs_skew": 1.538529155045544,
   "true_skew": 1.5619777486688873,
   "ks": 0.029645331719073242,
   "wasserstein": 0.014179888226239026,
   "js": 0.055501692428600286
  },
  "divergence": {
   "obs_mean": 1.2012271951844098e-07,
   "true_mean": 1.1660780074862487e-07,
   "obs_std": 1.1246763868673534e-06,
   "true_std": 1.189985027849616e-06,
   "obs_skew": -0.01208666531859186,
   "true_skew": 0.003819525707513094,
   "ks": 0.019058641975308654,
   "wasserstein": 5.284311692754682e-08,
   "js": 0.07151173831536241
  }
 },
 "flux": {
  "wT": {
   "array_dmean": -1.4608438196637777e-06,
   "areamean_dmean": -4.1356540691619364e-07,
   "total_dmean": 7.95933159408983e-07,
   "r_array_areamean": 0.8870844726727666
  },
  "wS": {
   "array_dmean": -5.437600382493976e-07,
   "areamean_dmean": -5.138632467474205e-07,
   "total_dmean": -5.648676684810757e-07,
   "r_array_areamean": 0.9864975503405293
  },
  "wU": {
   "array_dmean": -3.5402201841291935e-07,
   "areamean_dmean": -4.7600039630329585e-07,
   "total_dmean": -4.389865839101509e-07,
   "r_array_areamean": 0.971610843314715
  },
  "wV": {
   "array_dmean": -1.3772558694195577e-06,
   "areamean_dmean": -1.5373155234141694e-06,
   "total_dmean": -1.9437209690244215e-06,
   "r_array_areamean": 0.9925947584248705
  }
 }
}