{
 "name": "wide_hex_d0.75",
 "max_depth": 120,
 "tstep": 3,
 "n_glider": 6,
 "n_point": 924,
 "n_time": 216,
 "div_corr": 0.9850652720150311,
 "fields": {
  "T": {
   "obs_mean": 24.760349046399025,
   "true_mean": 24.72980015765605,
   "obs_std": 1.6236761521554945,
   "true_std": 1.6312306783898225,
   "obs_skew": -1.8702452377091456,
   "true_skew": -1.8678975188294964,
   "ks": 0.01970916802546785,
   "wasserstein": 0.030994144117757853,
   "js": 0.0391905285808102
  },
  "S": {
   "obs_mean": 35.16917459569366,
   "true_mean": 35.169411385192554,
   "obs_std": 0.13000549893680458,
   "true_std": 0.12243601925555907,
   "obs_skew": 0.18004915183129566,
   "true_skew": 0.10128880146088816,
   "ks": 0.02957618749514712,
   "wasserstein": 0.00658947507340431,
   "js": 0.0806405497126999
  },
  "U": {
   "obs_mean": 0.20206619928788316,
   "true_mean": 0.21870611649722094,
   "obs_std": 0.423135189113816,
   "true_std": 0.4338045355134058,
   "obs_skew": 0.41592926962292365,
   "true_skew": 0.4295523848093668,
   "ks": 0.019917719737557182,
   "wasserstein": 0.016647019512899257,
   "js": 0.03286530453894199
  },
  "V": {
   "obs_mean": -0.019462584498261354,
   "true_mean": -0.019674385253204505,
   "obs_std": 0.24383391108276778,
   "true_std": 0.24465504772604377,
   "obs_skew": 0.02431541909612453,
   "true_skew": 0.03234622124423267,
   "ks": 0.007819961274167286,
   "wasserstein": 0.0029888663158278814,
   "js": 0.04276118131463879
  },
  "sigma0": {
   "obs_mean": 23.533599152839788,
   "true_mean": 23.54292357067109,
   "obs_std": 0.4904756590690129,
   "true_std": 0.49160052339180443,
   "obs_skew": 1.5524065319300393,
   "true_skew": 1.570640419610272,
   "ks": 0.025294326034630055,
   "wasserstein": 0.009650039855444834,
   "js": 0.05402569671492611
  },
  "divergence": {
   "obs_mean": 1.2665212362971408e-07,
   "true_mean": 1.2084852585303452e-07,
   "obs_std": 1.342638595036558e-06,
   "true_std": 1.3942548093837104e-06,
   "obs_skew": -0.0300817098622216,
   "true_skew": 0.009492623619735241,
   "ks": 0.016280864197530887,
   "wasserstein": 4.19207838810209e-08,
   "js": 0.06025641562200588
  }
 },
 "flux": {
  "wT": {
   "array_dmean": -1.2327944213214694e-06,
   "areamean_dmean": -5.578560625361141e-07,
   "total_dmean": 4.680971879687994e-07,
   "r_array_areamean": 0.8791172658737394
  },
  "wS": {
   "array_dmean": -5.216701249613711e-07,
   "areamean_dmean": -4.956576186886104e-07,
   "total_dmean": -5.362290112114394e-07,
   "r_array_areamean": 0.983483043420645
  },
  "wU": {
   "array_dmean": -4.745354271997761e-07,
   "areamean_dmean": -5.842969145592797e-07,
   "total_dmean": -5.08114486678564e-07,
   "r_array_areamean": 0.9806238199312315
  },
  "wV": {
   "array_dmean": -1.6394433862252813e-06,
   "areamean_dmean": -1.8948093499895452e-06,
   "total_dmean": -2.1968722194494334e-06,
   "r_array_areamean": 0.9945152845550778
  }
 }
}