{
 "name": "rect_x0.1",
 "max_depth": 120,
 "tstep": 3,
 "n_glider": 6,
 "n_point": 160,
 "n_time": 216,
 "div_corr": 0.9808240832528003,
 "fields": {
  "T": {
   "obs_mean": 24.725065726315965,
   "true_mean": 24.71348923995411,
   "obs_std": 1.6305612986028275,
   "true_std": 1.6371137595611216,
   "obs_skew": -1.8706004450587732,
   "true_skew": -1.8654548238504902,
   "ks": 0.005569058641975211,
   "wasserstein": 0.01170866584360776,
   "js": 0.012895475328164875
  },
  "S": {
   "obs_mean": 35.16952092653366,
   "true_mean": 35.1691807942893,
   "obs_std": 0.12160572396619909,
   "true_std": 0.11903389313535666,
   "obs_skew": 0.07242020448814328,
   "true_skew": 0.041804645758509125,
   "ks": 0.011442258230452751,
   "wasserstein": 0.002653678414524748,
   "js": 0.04098958522537732
  },
  "U": {
   "obs_mean": 0.22078450408469352,
   "true_mean": 0.22637871441415028,
   "obs_std": 0.4340591347382052,
   "true_std": 0.4380148321453236,
   "obs_skew": 0.4253460927261109,
   "true_skew": 0.4321577913191772,
   "ks": 0.008101208847736574,
   "wasserstein": 0.00565609676056314,
   "js": 0.017260424692119157
  },
  "V": {
   "obs_mean": -0.019679234063485835,
   "true_mean": -0.02012350604480219,
   "obs_std": 0.24496047613526367,
   "true_std": 0.24513501736014462,
   "obs_skew": 0.025474963790751926,
   "true_skew": 0.03418317856304375,
   "ks": 0.00649755658436213,
   "wasserstein": 0.0015121297898624871,
   "js": 0.03148529449393319
  },
  "sigma0": {
   "obs_mean": 23.544446032361915,
   "true_mean": 23.54760335770724,
   "obs_std": 0.4911272232388009,
   "true_std": 0.49238948751335704,
   "obs_skew": 1.5784597647625775,
   "true_skew": 1.5809012783451954,
   "ks": 0.008606610082304511,
   "wasserstein": 0.003356283135767331,
   "js": 0.02193075172640537
  },
  "divergence": {
   "obs_mean": 9.236459598123806e-08,
   "true_mean": 8.602092549381268e-08,
   "obs_std": 1.980735735996364e-06,
   "true_std": 2.026618403760949e-06,
   "obs_skew": 0.016868821953982305,
   "true_skew": 0.11648046225309372,
   "ks": 0.012345679012345678,
   "wasserstein": 3.214590089984942e-08,
   "js": 0.059422143788262084
  }
 }
}