{
 "name": "rect_x1.0",
 "max_depth": 70,
 "tstep": 3,
 "n_glider": 6,
 "n_point": 5508,
 "n_time": 216,
 "div_corr": 0.7166613687211254,
 "fields": {
  "T": {
   "obs_mean": 25.970850846345364,
   "true_mean": 25.87372394174816,
   "obs_std": 0.5367629465287819,
   "true_std": 0.5311566704270669,
   "obs_skew": -0.00014099683542986456,
   "true_skew": 0.1649117959074181,
   "ks": 0.10308532894253386,
   "wasserstein": 0.0988311671087749,
   "js": 0.16552155689258044
  },
  "S": {
   "obs_mean": 35.14106973099552,
   "true_mean": 35.13600985940378,
   "obs_std": 0.18544902821640363,
   "true_std": 0.14998072536805016,
   "obs_skew": -0.39152383039731636,
   "true_skew": -0.3434522362022235,
   "ks": 0.09896151964836863,
   "wasserstein": 0.03369987420758467,
   "js": 0.18654855944964913
  },
  "U": {
   "obs_mean": -0.21107899409854516,
   "true_mean": -0.1614716831877577,
   "obs_std": 0.27595841029180723,
   "true_std": 0.2598456374532808,
   "obs_skew": -0.04158789088216072,
   "true_skew": -0.1679797600920569,
   "ks": 0.08114599982547033,
   "wasserstein": 0.052553094770876184,
   "js": 0.13677742107659335
  },
  "V": {
   "obs_mean": -0.010188078745344246,
   "true_mean": -0.015081317601038403,
   "obs_std": 0.22158807688812998,
   "true_std": 0.23464021283449985,
   "obs_skew": 0.06502984229429819,
   "true_skew": -0.07449843636889988,
   "ks": 0.03938021292621985,
   "wasserstein": 0.019259690285058723,
   "js": 0.09135168186208797
  },
  "sigma0": {
   "obs_mean": 23.14940985685182,
   "true_mean": 23.1759018056317,
   "obs_std": 0.20930167848038664,
   "true_std": 0.19683237230380068,
   "obs_skew": -0.6341431566968898,
   "true_skew": -0.7368970308681193,
   "ks": 0.061609180950543796,
   "wasserstein": 0.026520419134625328,
   "js": 0.11365595723670953
  },
  "divergence": {
   "obs_mean": 1.0974334857034593e-07,
   "true_mean": 8.027887332673345e-08,
   "obs_std": 4.848818982203139e-07,
   "true_std": 3.8134743363116286e-07,
   "obs_skew": -0.24986194093361647,
   "true_skew": 0.013432505540549755,
   "ks": 0.08293650793650793,
   "wasserstein": 8.754516320579517e-08,
   "js": 0.1673741686323723
  }
 },
 "flux": {
  "wT": {
   "array_dmean": 9.137704836030967e-07,
   "areamean_dmean": 8.866580260384284e-07,
   "total_dmean": 5.697491741538689e-06,
   "r_array_areamean": 0.7477987214619422
  },
  "wS": {
   "array_dmean": -1.9586590730119496e-07,
   "areamean_dmean": -3.4411880526762593e-07,
   "total_dmean": -1.1238721013640838e-06,
   "r_array_areamean": 0.9654324026088765
  },
  "wU": {
   "array_dmean": 2.2596205632957762e-07,
   "areamean_dmean": -1.1514643631156508e-07,
   "total_dmean": -9.4719563458488e-07,
   "r_array_areamean": -0.3548866739476943
  },
  "wV": {
   "array_dmean": -4.500699130045639e-07,
   "areamean_dmean": 5.037961993549405e-08,
   "total_dmean": -3.7861113530769754e-07,
   "r_array_areamean": 0.5776665110711027
  }
 }
}