{
 "name": "wide_hex_d0.25",
 "max_depth": 70,
 "tstep": 3,
 "n_glider": 6,
 "n_point": 216,
 "n_time": 216,
 "div_corr": 0.9908496903444693,
 "fields": {
  "T": {
   "obs_mean": 25.612975000394176,
   "true_mean": 25.610582171803664,
   "obs_std": 0.4386457282495497,
   "true_std": 0.4378583728570787,
   "obs_skew": -0.7889331898466402,
   "true_skew": -0.8392666458618283,
   "ks": 0.005930335097001804,
   "wasserstein": 0.003601450082680746,
   "js": 0.03764897421186408
  },
  "S": {
   "obs_mean": 35.13935282372151,
   "true_mean": 35.139529346940776,
   "obs_std": 0.11532519309129619,
   "true_std": 0.11555787892578852,
   "obs_skew": -0.12232596701814058,
   "true_skew": -0.1263580120320753,
   "ks": 0.012246472663139385,
   "wasserstein": 0.0008262884082265039,
   "js": 0.059662034317663766
  },
  "U": {
   "obs_mean": -0.05706953968117615,
   "true_mean": -0.05610175057322889,
   "obs_std": 0.2421585472009811,
   "true_std": 0.24179457579779176,
   "obs_skew": 0.06939662655739164,
   "true_skew": 0.049891802441650535,
   "ks": 0.005238646384479795,
   "wasserstein": 0.0016058574429823312,
   "js": 0.019089914000216653
  },
  "V": {
   "obs_mean": -0.014581790390232165,
   "true_mean": -0.014760472361075127,
   "obs_std": 0.2838011905627673,
   "true_std": 0.28429909759882127,
   "obs_skew": 0.019585473183908242,
   "true_skew": 0.019876381841435146,
   "ks": 0.010171406525573246,
   "wasserstein": 0.0031285831487767885,
   "js": 0.062494001184823164
  },
  "sigma0": {
   "obs_mean": 23.259698385679954,
   "true_mean": 23.26057417827189,
   "obs_std": 0.15063181334516326,
   "true_std": 0.15022396505924454,
   "obs_skew": -0.04804391297830599,
   "true_skew": -0.006409351406986528,
   "ks": 0.015886794532627868,
   "wasserstein": 0.001841557597797156,
   "js": 0.05228604123572032
  },
  "divergence": {
   "obs_mean": 6.62617977198393e-08,
   "true_mean": 7.213218822244016e-08,
   "obs_std": 1.7486064514843257e-06,
   "true_std": 1.7991545746554038e-06,
   "obs_skew": -0.4119852564930038,
   "true_skew": -0.4419555068016052,
   "ks": 0.013492063492063493,
   "wasserstein": 4.011379668776002e-08,
   "js": 0.07014249883116623
  }
 },
 "flux": {
  "wT": {
   "array_dmean": 4.926439046027359e-07,
   "areamean_dmean": 6.130338685679032e-07,
   "total_dmean": 1.0832988525561973e-06,
   "r_array_areamean": 0.9944544487650472
  },
  "wS": {
   "array_dmean": -7.574258323523319e-07,
   "areamean_dmean": -8.296218009360172e-07,
   "total_dmean": -9.117041761548166e-07,
   "r_array_areamean": 0.9797781730906802
  },
  "wU": {
   "array_dmean": -1.3917791139993984e-06,
   "areamean_dmean": -1.464859036018661e-06,
   "total_dmean": -1.5736188146079608e-06,
   "r_array_areamean": 0.9901805523940996
  },
  "wV": {
   "array_dmean": -2.8695223175587387e-06,
   "areamean_dmean": -3.1108684923632494e-06,
   "total_dmean": -3.2001362274742617e-06,
   "r_array_areamean": 0.99946743750452
  }
 }
}