{
 "name": "rect_x0.1",
 "max_depth": 70,
 "tstep": 3,
 "n_glider": 6,
 "n_point": 160,
 "n_time": 216,
 "div_corr": 0.9790650291746771,
 "fields": {
  "T": {
   "obs_mean": 25.61892912712118,
   "true_mean": 25.61396997436341,
   "obs_std": 0.4420949416502126,
   "true_std": 0.4405231862339389,
   "obs_skew": -0.7304865940003179,
   "true_skew": -0.7994083454564647,
   "ks": 0.008560405643738944,
   "wasserstein": 0.0052003550501236425,
   "js": 0.04104173670285569
  },
  "S": {
   "obs_mean": 35.138863362699055,
   "true_mean": 35.13915962888615,
   "obs_std": 0.11564113011853856,
   "true_std": 0.1156922424714043,
   "obs_skew": -0.12078734807489255,
   "true_skew": -0.12448754367916243,
   "ks": 0.01103284832451501,
   "wasserstein": 0.0008767907514255685,
   "js": 0.05802245620572886
  },
  "U": {
   "obs_mean": -0.05923315126267941,
   "true_mean": -0.057242646679055625,
   "obs_std": 0.2434548880044604,
   "true_std": 0.24304309833398355,
   "obs_skew": 0.06443316194927014,
   "true_skew": 0.06205370083164126,
   "ks": 0.005392416225749597,
   "wasserstein": 0.002120393499948604,
   "js": 0.016333599375996967
  },
  "V": {
   "obs_mean": -0.014824736059385484,
   "true_mean": -0.014784895724670333,
   "obs_std": 0.28249692595895787,
   "true_std": 0.2834816655317161,
   "obs_skew": 0.012901816791609308,
   "true_skew": 0.0177298730667954,
   "ks": 0.00732142857142859,
   "wasserstein": 0.0023907049404652565,
   "js": 0.0506510179213212
  },
  "sigma0": {
   "obs_mean": 23.257475622205174,
   "true_mean": 23.25923837375265,
   "obs_std": 0.15270012038904662,
   "true_std": 0.15162562424685352,
   "obs_skew": -0.12011256646673339,
   "true_skew": -0.05147011737762456,
   "ks": 0.012414021164021183,
   "wasserstein": 0.0021785292247867892,
   "js": 0.04633800791915555
  },
  "divergence": {
   "obs_mean": 9.192811611259895e-08,
   "true_mean": 9.18715414854887e-08,
   "obs_std": 1.6205443864586557e-06,
   "true_std": 1.6638317674733116e-06,
   "obs_skew": -0.28111617433386127,
   "true_skew": -0.3498705327510834,
   "ks": 0.015476190476190477,
   "wasserstein": 4.2445827965280834e-08,
   "js": 0.09559399643152416
  }
 }
}