{
 "name": "rect_x1.0",
 "max_depth": 120,
 "tstep": 3,
 "n_glider": 6,
 "n_point": 5508,
 "n_time": 216,
 "div_corr": 0.6355066652731365,
 "fields": {
  "T": {
   "obs_mean": 25.229841363628264,
   "true_mean": 25.05473774445086,
   "obs_std": 1.6133774485962502,
   "true_std": 1.693136475642532,
   "obs_skew": -2.0860505122724016,
   "true_skew": -2.0267950443315934,
   "ks": 0.09120606473443926,
   "wasserstein": 0.17528103954850577,
   "js": 0.12278512618522351
  },
  "S": {
   "obs_mean": 35.1489680424298,
   "true_mean": 35.1476989551277,
   "obs_std": 0.19095671729508287,
   "true_std": 0.16723704295030156,
   "obs_skew": -0.4214154906494887,
   "true_skew": -0.29396048239106615,
   "ks": 0.06988056533457654,
   "wasserstein": 0.024038574078908914,
   "js": 0.14087415398352596
  },
  "U": {
   "obs_mean": -0.08690991384763817,
   "true_mean": -0.009140037044765756,
   "obs_std": 0.40124325791875887,
   "true_std": 0.3649755189529658,
   "obs_skew": 0.9006275295111772,
   "true_skew": 0.5709683321680209,
   "ks": 0.13330272365826468,
   "wasserstein": 0.09102608180749452,
   "js": 0.16623504467581737
  },
  "V": {
   "obs_mean": -0.012732566612087227,
   "true_mean": -0.013620016514824557,
   "obs_std": 0.2080043300904975,
   "true_std": 0.22119332508950326,
   "obs_skew": 0.07465344358676569,
   "true_skew": -0.1052508285961683,
   "ks": 0.035218624748156735,
   "wasserstein": 0.016152194718700438,
   "js": 0.07707213845822172
  },
  "sigma0": {
   "obs_mean": 23.375424456905858,
   "true_mean": 23.426927180653664,
   "obs_std": 0.47664213984828113,
   "true_std": 0.4932222731423901,
   "obs_skew": 1.6480397468763388,
   "true_skew": 1.61778544846149,
   "ks": 0.06337046682098768,
   "wasserstein": 0.05157412033086829,
   "js": 0.08560977463894386
  },
  "divergence": {
   "obs_mean": 7.433321117133987e-08,
   "true_mean": 4.358485128364009e-08,
   "obs_std": 4.757379087698785e-07,
   "true_std": 4.0011710211729223e-07,
   "obs_skew": -0.1680278308354663,
   "true_skew": 0.048628341406583786,
   "ks": 0.06682098765432098,
   "wasserstein": 6.557061386159e-08,
   "js": 0.11554677099565581
  }
 },
 "flux": {
  "wT": {
   "array_dmean": 9.234758761547574e-07,
   "areamean_dmean": -1.5956056613476093e-07,
   "total_dmean": 3.1250505738592583e-06,
   "r_array_areamean": 0.22845129769401618
  },
  "wS": {
   "array_dmean": -3.556691911419997e-07,
   "areamean_dmean": -3.1095676598434264e-07,
   "total_dmean": -8.02542547252189e-07,
   "r_array_areamean": -0.09226879904294462
  },
  "wU": {
   "array_dmean": -8.787514265026446e-08,
   "areamean_dmean": -1.563484223075315e-07,
   "total_dmean": -7.974197576943922e-07,
   "r_array_areamean": 0.4201330555430035
  },
  "wV": {
   "array_dmean": -6.98587154686408e-07,
   "areamean_dmean": -3.1876540917921657e-07,
   "total_dmean": -8.116849663544384e-07,
   "r_array_areamean": 0.8651781757575278
  }
 }
}