{
 "name": "rect_x0.25",
 "max_depth": 70,
 "tstep": 3,
 "n_glider": 6,
 "n_point": 540,
 "n_time": 216,
 "div_corr": 0.935815525528642,
 "fields": {
  "T": {
   "obs_mean": 25.666892570546192,
   "true_mean": 25.63886215416419,
   "obs_std": 0.4614673539186321,
   "true_std": 0.45049652706031335,
   "obs_skew": -0.349939333963063,
   "true_skew": -0.5501281264151852,
   "ks": 0.044850914902998196,
   "wasserstein": 0.028064302984194715,
   "js": 0.08736065150720067
  },
  "S": {
   "obs_mean": 35.13308853682675,
   "true_mean": 35.13622791564642,
   "obs_std": 0.1188813469928174,
   "true_std": 0.11671860309056485,
   "obs_skew": -0.1395115100335879,
   "true_skew": -0.1230932408259036,
   "ks": 0.02036623677248678,
   "wasserstein": 0.004144701198073337,
   "js": 0.08428444330114873
  },
  "U": {
   "obs_mean": -0.08233899295639147,
   "true_mean": -0.06866510820016587,
   "obs_std": 0.2407304314151795,
   "true_std": 0.24276096420842164,
   "obs_skew": -0.10083822239703674,
   "true_skew": -0.004245218937813787,
   "ks": 0.02290242871840087,
   "wasserstein": 0.013673884756225625,
   "js": 0.03555234036465567
  },
  "V": {
   "obs_mean": -0.018069598016137584,
   "true_mean": -0.016657679847225042,
   "obs_std": 0.2732261452845276,
   "true_std": 0.2786888779685808,
   "obs_skew": -0.033283513156382546,
   "true_skew": -0.011653599928218251,
   "ks": 0.015122997501469726,
   "wasserstein": 0.007072779650971814,
   "js": 0.06472961555366707
  },
  "sigma0": {
   "obs_mean": 23.238203085210717,
   "true_mean": 23.24929010944318,
   "obs_std": 0.1631405729561826,
   "true_std": 0.15768667497999583,
   "obs_skew": -0.501709724200138,
   "true_skew": -0.3128993970877891,
   "ks": 0.05227026381540273,
   "wasserstein": 0.011087082358358206,
   "js": 0.08866945493587533
  },
  "divergence": {
   "obs_mean": 1.2880919187711146e-07,
   "true_mean": 1.7619832703985594e-07,
   "obs_std": 1.0227274041081761e-06,
   "true_std": 1.046601482812548e-06,
   "obs_skew": -0.05001916914640961,
   "true_skew": 0.0007690122583881021,
   "ks": 0.026455026455026454,
   "wasserstein": 5.475263153708866e-08,
   "js": 0.12037630781523789
  }
 }
}