{
 "name": "wide_hex_d0.5",
 "max_depth": 120,
 "tstep": 3,
 "n_glider": 6,
 "n_point": 480,
 "n_time": 216,
 "div_corr": 0.987544819317695,
 "fields": {
  "T": {
   "obs_mean": 24.73245110363119,
   "true_mean": 24.713802297676644,
   "obs_std": 1.6284747391051484,
   "true_std": 1.637558504723721,
   "obs_skew": -1.8653893304667548,
   "true_skew": -1.8641488489386866,
   "ks": 0.009303840877914915,
   "wasserstein": 0.019032813492995976,
   "js": 0.02378195492206294
  },
  "S": {
   "obs_mean": 35.169636352303776,
   "true_mean": 35.169075197426245,
   "obs_std": 0.12244316491930173,
   "true_std": 0.11857192824591128,
   "obs_skew": 0.10035310906968531,
   "true_skew": 0.04630590530952008,
   "ks": 0.015667438271604883,
   "wasserstein": 0.0039199946131207915,
   "js": 0.06736711678587436
  },
  "U": {
   "obs_mean": 0.21778390146807075,
   "true_mean": 0.22649945942435284,
   "obs_std": 0.43317079113832097,
   "true_std": 0.4387840187136764,
   "obs_skew": 0.424721915933153,
   "true_skew": 0.4370925837939206,
   "ks": 0.011114969135802455,
   "wasserstein": 0.00877043831856391,
   "js": 0.021025254640889536
  },
  "V": {
   "obs_mean": -0.01939555575693412,
   "true_mean": -0.02006705329206634,
   "obs_std": 0.24463645253917404,
   "true_std": 0.24513471201723727,
   "obs_skew": 0.03501614147771764,
   "true_skew": 0.038938136942734944,
   "ks": 0.008317901234567882,
   "wasserstein": 0.0024089675902167033,
   "js": 0.039533141340787434
  },
  "sigma0": {
   "obs_mean": 23.542328498801343,
   "true_mean": 23.54742401513854,
   "obs_std": 0.49099722546749885,
   "true_std": 0.49263330454114157,
   "obs_skew": 1.5685603129980452,
   "true_skew": 1.5794804208959186,
   "ks": 0.018804441015089157,
   "wasserstein": 0.005831091412965741,
   "js": 0.03929394310111799
  },
  "divergence": {
   "obs_mean": 1.2468892593186367e-07,
   "true_mean": 1.1386537579483047e-07,
   "obs_std": 1.6567801172294646e-06,
   "true_std": 1.7479186453783768e-06,
   "obs_skew": -0.09530915935090004,
   "true_skew": -0.16318856179714203,
   "ks": 0.01851851851851849,
   "wasserstein": 6.830332984007013e-08,
   "js": 0.06635438821356818
  }
 },
 "flux": {
  "wT": {
   "array_dmean": -8.110317350982443e-07,
   "areamean_dmean": -3.979728327565957e-07,
   "total_dmean": 4.4257868227153125e-07,
   "r_array_areamean": 0.9570902074616926
  },
  "wS": {
   "array_dmean": -4.7232690625952644e-07,
   "areamean_dmean": -4.736832008225334e-07,
   "total_dmean": -5.306206614319576e-07,
   "r_array_areamean": 0.9701629420073133
  },
  "wU": {
   "array_dmean": -1.0987820430368982e-06,
   "areamean_dmean": -1.191096987447759e-06,
   "total_dmean": -1.1816266333520673e-06,
   "r_array_areamean": 0.9705949546517736
  },
  "wV": {
   "array_dmean": -2.5873404742244585e-06,
   "areamean_dmean": -2.831805744590011e-06,
   "total_dmean": -3.0428687091367044e-06,
   "r_array_areamean": 0.9924215814826505
  }
 }
}