{
 "name": "wide_hex_d0.75",
 "max_depth": 70,
 "tstep": 3,
 "n_glider": 6,
 "n_point": 924,
 "n_time": 216,
 "div_corr": 0.9852205563181473,
 "fields": {
  "T": {
   "obs_mean": 25.641228554095008,
   "true_mean": 25.62315867522677,
   "obs_std": 0.45755219066100317,
   "true_std": 0.4462931288796747,
   "obs_skew": -0.42109864086856863,
   "true_skew": -0.6349891917077756,
   "ks": 0.03235988403048151,
   "wasserstein": 0.020460333076840077,
   "js": 0.07189763050001613
  },
  "S": {
   "obs_mean": 35.13689104884337,
   "true_mean": 35.13843721803843,
   "obs_std": 0.11573694512429128,
   "true_std": 0.11508750693942618,
   "obs_skew": -0.10894963969499898,
   "true_skew": -0.11907121602635011,
   "ks": 0.02161086569498516,
   "wasserstein": 0.0031089177836892278,
   "js": 0.09892808793638237
  },
  "U": {
   "obs_mean": -0.06922378870924656,
   "true_mean": -0.06147816608407595,
   "obs_std": 0.2413603432791649,
   "true_std": 0.24245131175862955,
   "obs_skew": 0.027810835252836667,
   "true_skew": 0.0664996939589034,
   "ks": 0.017149491697447727,
   "wasserstein": 0.007745777960454243,
   "js": 0.024161820345225904
  },
  "V": {
   "obs_mean": -0.017006828935985433,
   "true_mean": -0.015297281901653586,
   "obs_std": 0.27883618439873836,
   "true_std": 0.2818831589695631,
   "obs_skew": 0.02726322303010781,
   "true_skew": 0.020942716106053732,
   "ks": 0.016886605271039246,
   "wasserstein": 0.005767273271058626,
   "js": 0.06095765301046221
  },
  "sigma0": {
   "obs_mean": 23.24903345664677,
   "true_mean": 23.255831376085904,
   "obs_std": 0.15860433784017255,
   "true_std": 0.15391004485001084,
   "obs_skew": -0.3694280610073566,
   "true_skew": -0.1844896171528447,
   "ks": 0.03746651525739575,
   "wasserstein": 0.008449631634454172,
   "js": 0.0873813294989944
  },
  "divergence": {
   "obs_mean": 1.7160649772124126e-07,
   "true_mean": 1.4620316335367534e-07,
   "obs_std": 1.1078438625563694e-06,
   "true_std": 1.1497943432914326e-06,
   "obs_skew": -0.1568397651476883,
   "true_skew": -0.10620533674955368,
   "ks": 0.031613756613756615,
   "wasserstein": 4.7533328012462665e-08,
   "js": 0.10662210465968779
  }
 },
 "flux": {
  "wT": {
   "array_dmean": 3.9031181897449704e-07,
   "areamean_dmean": 8.999962173778918e-07,
   "total_dmean": 2.0149030405470507e-06,
   "r_array_areamean": 0.9532159134710925
  },
  "wS": {
   "array_dmean": -5.894853117560666e-07,
   "areamean_dmean": -5.619478839299307e-07,
   "total_dmean": -7.4051698534911e-07,
   "r_array_areamean": 0.9949789416047825
  },
  "wU": {
   "array_dmean": -8.805116466151793e-08,
   "areamean_dmean": -2.0458579262944645e-07,
   "total_dmean": -1.626798757413373e-07,
   "r_array_areamean": 0.8969320403938705
  },
  "wV": {
   "array_dmean": -8.040716865691118e-07,
   "areamean_dmean": -1.1116456678394063e-06,
   "total_dmean": -1.3394253893874281e-06,
   "r_array_areamean": 0.9932701850804063
  }
 }
}