{
 "name": "rect_x0.5",
 "max_depth": 70,
 "tstep": 3,
 "n_glider": 6,
 "n_point": 1620,
 "n_time": 216,
 "div_corr": 0.8766553027281033,
 "fields": {
  "T": {
   "obs_mean": 25.80058989929752,
   "true_mean": 25.71445920845574,
   "obs_std": 0.527081837026343,
   "true_std": 0.4849157558811144,
   "obs_skew": 0.2267015460336173,
   "true_skew": -0.05925744387325631,
   "ks": 0.07281252296443264,
   "wasserstein": 0.08613069084178288,
   "js": 0.10375414380368533
  },
  "S": {
   "obs_mean": 35.135611597671186,
   "true_mean": 35.13295048784791,
   "obs_std": 0.12785671426589798,
   "true_std": 0.12234166028633389,
   "obs_skew": -0.23072699904003727,
   "true_skew": -0.16746808159210697,
   "ks": 0.039661986515285186,
   "wasserstein": 0.00601510081680914,
   "js": 0.11413850644034733
  },
  "U": {
   "obs_mean": -0.1280915889036363,
   "true_mean": -0.10008281961112044,
   "obs_std": 0.2532306331715942,
   "true_std": 0.24489590453571414,
   "obs_skew": -0.15085205233886223,
   "true_skew": -0.1334091311003102,
   "ks": 0.05612105471046447,
   "wasserstein": 0.02803303100611041,
   "js": 0.06536402919628809
  },
  "V": {
   "obs_mean": -0.01784387438759446,
   "true_mean": -0.017346570493827696,
   "obs_std": 0.24948822185855982,
   "true_std": 0.263860259952985,
   "obs_skew": -0.04701288230890081,
   "true_skew": -0.0533534563151068,
   "ks": 0.0347910006981188,
   "wasserstein": 0.016499668238050377,
   "js": 0.08219712564347634
  },
  "sigma0": {
   "obs_mean": 23.19837154772095,
   "true_mean": 23.223269761075,
   "obs_std": 0.1874962211905235,
   "true_std": 0.17236828293009768,
   "obs_skew": -0.7833729663321349,
   "true_skew": -0.6858795054614204,
   "ks": 0.05394127075984717,
   "wasserstein": 0.02489847832780699,
   "js": 0.11301083855962203
  },
  "divergence": {
   "obs_mean": 1.6259168999426502e-07,
   "true_mean": 1.5017735677247401e-07,
   "obs_std": 7.657181507309664e-07,
   "true_std": 7.509934789595718e-07,
   "obs_skew": 0.1950418708406894,
   "true_skew": 0.2590000629425049,
   "ks": 0.03253968253968254,
   "wasserstein": 3.2167215545163506e-08,
   "js": 0.1216901290120185
  }
 },
 "flux": {
  "wT": {
   "array_dmean": -5.858897646027848e-08,
   "areamean_dmean": 9.27296145173206e-07,
   "total_dmean": 3.7665711877637593e-06,
   "r_array_areamean": 0.9353271200814509
  },
  "wS": {
   "array_dmean": -7.686420403070605e-07,
   "areamean_dmean": -9.180230897224134e-07,
   "total_dmean": -1.1913300278721755e-06,
   "r_array_areamean": 0.9915954641137954
  },
  "wU": {
   "array_dmean": -3.769333770678501e-07,
   "areamean_dmean": -1.610110541547325e-07,
   "total_dmean": -7.344478643522023e-07,
   "r_array_areamean": -0.1627124451639585
  },
  "wV": {
   "array_dmean": 6.115148079899124e-07,
   "areamean_dmean": 1.047740040492825e-07,
   "total_dmean": -1.398355741711897e-07,
   "r_array_areamean": 0.06791512284854272
  }
 }
}