{
 "name": "wide_hex_d0.5",
 "max_depth": 70,
 "tstep": 3,
 "n_glider": 6,
 "n_point": 480,
 "n_time": 216,
 "div_corr": 0.9879283822548339,
 "fields": {
  "T": {
   "obs_mean": 25.62403472639081,
   "true_mean": 25.614853350893725,
   "obs_std": 0.4466464797171369,
   "true_std": 0.44089556930357415,
   "obs_skew": -0.6110445393683755,
   "true_skew": -0.7531614738509257,
   "ks": 0.015931069958847743,
   "wasserstein": 0.011173340228396826,
   "js": 0.050474439062239515
  },
  "S": {
   "obs_mean": 35.13842793256257,
   "true_mean": 35.13907314341902,
   "obs_std": 0.11462695652476254,
   "true_std": 0.11520548439303965,
   "obs_skew": -0.12051088649111741,
   "true_skew": -0.12090509550858117,
   "ks": 0.023722810111698966,
   "wasserstein": 0.0016934442625246337,
   "js": 0.08492110276967169
  },
  "U": {
   "obs_mean": -0.061954045949550784,
   "true_mean": -0.05794854302463678,
   "obs_std": 0.24288466846103235,
   "true_std": 0.24237761348468279,
   "obs_skew": 0.07960178682942796,
   "true_skew": 0.07727547316890629,
   "ks": 0.009530423280423306,
   "wasserstein": 0.004142182396202914,
   "js": 0.01706040908443297
  },
  "V": {
   "obs_mean": -0.014997529132421642,
   "true_mean": -0.014630062534658468,
   "obs_std": 0.2816402005947638,
   "true_std": 0.2834564413361338,
   "obs_skew": 0.022524780931569864,
   "true_skew": 0.02022357955934927,
   "ks": 0.01644179894179898,
   "wasserstein": 0.003812155051016772,
   "js": 0.06522829173477909
  },
  "sigma0": {
   "obs_mean": 23.25555219433447,
   "true_mean": 23.258898855055595,
   "obs_std": 0.15390722544457577,
   "true_std": 0.15156368983561458,
   "obs_skew": -0.20609975818460424,
   "true_skew": -0.07770507207187766,
   "ks": 0.028105526161081695,
   "wasserstein": 0.005083240026757805,
   "js": 0.06557839372825057
  },
  "divergence": {
   "obs_mean": 1.0905969229045618e-07,
   "true_mean": 9.11893707211675e-08,
   "obs_std": 1.3484486609735684e-06,
   "true_std": 1.4152765288599767e-06,
   "obs_skew": -0.14675473362367,
   "true_skew": -0.18427921831607819,
   "ks": 0.022486772486772486,
   "wasserstein": 5.566841536969815e-08,
   "js": 0.10680133804304462
  }
 },
 "flux": {
  "wT": {
   "array_dmean": 3.649611073629296e-07,
   "areamean_dmean": 5.541111979190923e-07,
   "total_dmean": 1.4879336181496804e-06,
   "r_array_areamean": 0.9932620365043272
  },
  "wS": {
   "array_dmean": -5.166791777438527e-07,
   "areamean_dmean": -5.85766146924866e-07,
   "total_dmean": -7.649942967356763e-07,
   "r_array_areamean": 0.9877479371978047
  },
  "wU": {
   "array_dmean": -7.478608966795604e-07,
   "areamean_dmean": -9.419318386958664e-07,
   "total_dmean": -1.0207106304149966e-06,
   "r_array_areamean": 0.9899640188283167
  },
  "wV": {
   "array_dmean": -1.9305991884007442e-06,
   "areamean_dmean": -2.274758200305187e-06,
   "total_dmean": -2.451667968186671e-06,
   "r_array_areamean": 0.9965614867420215
  }
 }
}